,index,sm,smmax,dataset,directory,cell_id,channel
0,0,0,0.9889248,phago_only_PhagoOnly_R3.mm,PhagoOnly_R3,10,1
1,1,4,0.5473249,phago_only_PhagoOnly_R3.mm,PhagoOnly_R3,89,1
2,2,4,0.542458,phago_only_PhagoOnly_R3.mm,PhagoOnly_R3,255,1
3,3,0,0.99414647,phago_only_PhagoOnly_R3.mm,PhagoOnly_R3,398,1
4,4,0,0.65803164,phago_only_PhagoOnly_R3.mm,PhagoOnly_R3,535,1
5,5,4,0.9935261,phago_only_PhagoOnly_R3.mm,PhagoOnly_R3,615,1
6,6,0,0.98149556,phago_only_PhagoOnly_R3.mm,PhagoOnly_R3,666,1
7,7,0,0.9923718,phago_only_PhagoOnly_R3.mm,PhagoOnly_R3,798,1
8,8,0,0.9876722,phago_only_PhagoOnly_R3.mm,PhagoOnly_R3,890,1
9,9,4,0.99053884,phago_only_PhagoOnly_R3.mm,PhagoOnly_R3,1031,1
10,10,6,0.68722814,phago_only_PhagoOnly_R3.mm,PhagoOnly_R3,1032,1
11,11,0,0.9984804,phago_only_PhagoOnly_R3.mm,PhagoOnly_R3,1337,1
12,12,0,0.99904865,phago_only_PhagoOnly_R3.mm,PhagoOnly_R3,1679,1
13,13,0,0.9885642,phago_only_PhagoOnly_R3.mm,PhagoOnly_R3,1778,1
14,14,4,0.9677711,phago_only_PhagoOnly_R3.mm,PhagoOnly_R3,2082,1
15,15,4,0.98638725,phago_only_PhagoOnly_R3.mm,PhagoOnly_R3,2352,1
16,16,0,0.9998832,phago_only_PhagoOnly_R3.mm,PhagoOnly_R3,2410,1
17,17,0,0.998357,phago_only_PhagoOnly_R3.mm,PhagoOnly_R3,2501,1
18,18,4,0.98016936,phago_only_PhagoOnly_R3.mm,PhagoOnly_R3,2987,1
19,19,4,0.7753546,phago_only_PhagoOnly_R3.mm,PhagoOnly_R3,3065,1
20,20,4,0.93614393,phago_only_PhagoOnly_R3.mm,PhagoOnly_R3,3106,1
21,21,4,0.9970362,phago_only_PhagoOnly_R3.mm,PhagoOnly_R3,3228,1
22,22,0,0.5430596,phago_only_PhagoOnly_R3.mm,PhagoOnly_R3,3239,1
23,23,5,0.49848214,phago_only_PhagoOnly_R3.mm,PhagoOnly_R3,3288,1
24,24,4,0.71574193,phago_only_PhagoOnly_R3.mm,PhagoOnly_R3,3350,1
25,25,0,0.9899497,phago_only_PhagoOnly_R3.mm,PhagoOnly_R3,3397,1
26,26,5,0.6831366,phago_only_PhagoOnly_R3.mm,PhagoOnly_R3,3457,1
27,27,0,0.946162,phago_only_PhagoOnly_R3.mm,PhagoOnly_R3,3468,1
28,28,0,0.58592504,phago_only_PhagoOnly_R3.mm,PhagoOnly_R3,3605,1
29,29,0,0.36254328,phago_only_PhagoOnly_R3.mm,PhagoOnly_R3,3617,1
30,30,5,0.9769886,phago_only_PhagoOnly_R3.mm,PhagoOnly_R3,3791,1
31,31,0,0.99737287,phago_only_PhagoOnly_R3.mm,PhagoOnly_R3,4205,1
32,32,0,0.89478344,phago_only_PhagoOnly_R3.mm,PhagoOnly_R3,4473,1
33,33,0,0.9982438,phago_only_PhagoOnly_R3.mm,PhagoOnly_R3,4745,1
34,34,0,0.9954987,phago_only_PhagoOnly_R3.mm,PhagoOnly_R3,4758,1
35,35,0,0.9967526,phago_only_PhagoOnly_R3.mm,PhagoOnly_R3,4812,1
36,36,0,0.9884116,phago_only_PhagoOnly_R3.mm,PhagoOnly_R3,5073,1
37,37,0,0.5125146,phago_only_PhagoOnly_R3.mm,PhagoOnly_R3,5083,1
38,38,4,0.996999,phago_only_PhagoOnly_R3.mm,PhagoOnly_R3,5123,1
39,39,4,0.945585,phago_only_PhagoOnly_R3.mm,PhagoOnly_R3,5162,1
40,40,0,0.9833446,phago_only_PhagoOnly_R3.mm,PhagoOnly_R3,5176,1
41,41,4,0.99130815,phago_only_PhagoOnly_R3.mm,PhagoOnly_R3,5288,1
42,42,0,0.94710386,phago_only_PhagoOnly_R3.mm,PhagoOnly_R3,5440,1
43,43,4,0.9816476,phago_only_PhagoOnly_R3.mm,PhagoOnly_R3,5513,1
44,44,0,0.99713624,phago_only_PhagoOnly_R3.mm,PhagoOnly_R3,5777,1
45,45,5,0.77635705,phago_only_PhagoOnly_R3.mm,PhagoOnly_R3,6241,1
46,46,0,0.9295263,phago_only_PhagoOnly_R3.mm,PhagoOnly_R3,6434,1
47,47,4,0.62015104,phago_only_PhagoOnly_R3.mm,PhagoOnly_R3,6658,1
48,48,0,0.4112216,phago_only_PhagoOnly_R3.mm,PhagoOnly_R3,6715,1
49,49,0,0.98614407,phago_only_PhagoOnly_R3.mm,PhagoOnly_R3,6836,1
50,50,0,0.5372818,phago_only_PhagoOnly_R3.mm,PhagoOnly_R3,6837,1
51,51,5,0.9041123,phago_only_PhagoOnly_R3.mm,PhagoOnly_R3,6945,1
52,52,0,0.99988425,phago_only_PhagoOnly_R3.mm,PhagoOnly_R3,7180,1
53,53,6,0.6794621,phago_only_PhagoOnly_R3.mm,PhagoOnly_R3,7278,1
54,54,4,0.5593094,phago_only_PhagoOnly_R3.mm,PhagoOnly_R3,7573,1
55,55,4,0.9936766,phago_only_PhagoOnly_R3.mm,PhagoOnly_R3,7624,1
56,56,6,0.6583804,phago_only_PhagoOnly_R3.mm,PhagoOnly_R3,7698,1
57,57,5,0.9797412,phago_only_PhagoOnly_R3.mm,PhagoOnly_R3,7919,1
58,58,4,0.9627762,phago_only_PhagoOnly_R3.mm,PhagoOnly_R3,8031,1
59,59,0,0.9991365,phago_only_PhagoOnly_R3.mm,PhagoOnly_R3,8040,1
60,60,5,0.60754675,phago_only_PhagoOnly_R3.mm,PhagoOnly_R3,8354,1
61,61,4,0.7831311,phago_only_PhagoOnly_R3.mm,PhagoOnly_R3,8448,1
62,62,0,0.7668342,phago_only_PhagoOnly_R3.mm,PhagoOnly_R3,8829,1
63,63,4,0.7355295,phago_only_PhagoOnly_R3.mm,PhagoOnly_R3,8844,1
64,64,6,0.9048804,phago_only_PhagoOnly_R3.mm,PhagoOnly_R3,9179,1
65,65,4,0.8896553,phago_only_PhagoOnly_R3.mm,PhagoOnly_R3,9214,1
66,66,6,0.36609805,phago_only_PhagoOnly_R3.mm,PhagoOnly_R3,9403,1
67,67,4,0.97385675,phago_only_PhagoOnly_R3.mm,PhagoOnly_R3,9517,1
68,68,6,0.38299266,phago_only_PhagoOnly_R3.mm,PhagoOnly_R3,9708,1
69,69,4,0.96207345,phago_only_PhagoOnly_R3.mm,PhagoOnly_R3,9880,1
70,70,0,0.9683498,phago_only_PhagoOnly_R3.mm,PhagoOnly_R3,9978,1
71,71,0,0.99107695,phago_only_PhagoOnly_R3.mm,PhagoOnly_R3,9987,1
72,0,0,0.40242913,phago_only_PhagoOnly_R2.mm,PhagoOnly_R2,146,1
73,1,4,0.8977343,phago_only_PhagoOnly_R2.mm,PhagoOnly_R2,320,1
74,2,0,0.377605,phago_only_PhagoOnly_R2.mm,PhagoOnly_R2,652,1
75,3,0,0.9990632,phago_only_PhagoOnly_R2.mm,PhagoOnly_R2,724,1
76,4,0,0.90433913,phago_only_PhagoOnly_R2.mm,PhagoOnly_R2,804,1
77,5,4,0.96056354,phago_only_PhagoOnly_R2.mm,PhagoOnly_R2,928,1
78,6,0,0.94622123,phago_only_PhagoOnly_R2.mm,PhagoOnly_R2,1120,1
79,7,0,0.9897613,phago_only_PhagoOnly_R2.mm,PhagoOnly_R2,1142,1
80,8,4,0.98045075,phago_only_PhagoOnly_R2.mm,PhagoOnly_R2,1265,1
81,9,4,0.9966903,phago_only_PhagoOnly_R2.mm,PhagoOnly_R2,1291,1
82,10,0,0.99651426,phago_only_PhagoOnly_R2.mm,PhagoOnly_R2,1297,1
83,11,0,0.99538225,phago_only_PhagoOnly_R2.mm,PhagoOnly_R2,1321,1
84,12,0,0.96246916,phago_only_PhagoOnly_R2.mm,PhagoOnly_R2,1461,1
85,13,4,0.7756461,phago_only_PhagoOnly_R2.mm,PhagoOnly_R2,1761,1
86,14,5,0.76908726,phago_only_PhagoOnly_R2.mm,PhagoOnly_R2,1784,1
87,15,0,0.71288234,phago_only_PhagoOnly_R2.mm,PhagoOnly_R2,2001,1
88,16,5,0.8019389,phago_only_PhagoOnly_R2.mm,PhagoOnly_R2,2180,1
89,17,4,0.88740027,phago_only_PhagoOnly_R2.mm,PhagoOnly_R2,2372,1
90,18,6,0.78395057,phago_only_PhagoOnly_R2.mm,PhagoOnly_R2,2377,1
91,19,5,0.95150876,phago_only_PhagoOnly_R2.mm,PhagoOnly_R2,2546,1
92,20,0,0.99832946,phago_only_PhagoOnly_R2.mm,PhagoOnly_R2,2598,1
93,21,0,0.47113195,phago_only_PhagoOnly_R2.mm,PhagoOnly_R2,2853,1
94,22,6,0.5012244,phago_only_PhagoOnly_R2.mm,PhagoOnly_R2,2862,1
95,23,0,0.9028267,phago_only_PhagoOnly_R2.mm,PhagoOnly_R2,2957,1
96,24,0,0.73367554,phago_only_PhagoOnly_R2.mm,PhagoOnly_R2,2997,1
97,25,4,0.61023057,phago_only_PhagoOnly_R2.mm,PhagoOnly_R2,3013,1
98,26,0,0.9995629,phago_only_PhagoOnly_R2.mm,PhagoOnly_R2,3087,1
99,27,4,0.6261336,phago_only_PhagoOnly_R2.mm,PhagoOnly_R2,3188,1
100,28,0,0.99662006,phago_only_PhagoOnly_R2.mm,PhagoOnly_R2,3196,1
101,29,6,0.49858215,phago_only_PhagoOnly_R2.mm,PhagoOnly_R2,3216,1
102,30,4,0.3285099,phago_only_PhagoOnly_R2.mm,PhagoOnly_R2,3277,1
103,31,0,0.9942139,phago_only_PhagoOnly_R2.mm,PhagoOnly_R2,3513,1
104,32,0,0.99138004,phago_only_PhagoOnly_R2.mm,PhagoOnly_R2,3580,1
105,33,0,0.77337164,phago_only_PhagoOnly_R2.mm,PhagoOnly_R2,3603,1
106,34,0,0.9908372,phago_only_PhagoOnly_R2.mm,PhagoOnly_R2,3618,1
107,35,0,0.8744386,phago_only_PhagoOnly_R2.mm,PhagoOnly_R2,3686,1
108,36,0,0.9999974,phago_only_PhagoOnly_R2.mm,PhagoOnly_R2,3753,1
109,37,3,0.9970361,phago_only_PhagoOnly_R2.mm,PhagoOnly_R2,3968,1
110,38,0,0.9999771,phago_only_PhagoOnly_R2.mm,PhagoOnly_R2,4098,1
111,39,0,0.9971222,phago_only_PhagoOnly_R2.mm,PhagoOnly_R2,4384,1
112,40,4,0.7028563,phago_only_PhagoOnly_R2.mm,PhagoOnly_R2,4441,1
113,41,4,0.9369059,phago_only_PhagoOnly_R2.mm,PhagoOnly_R2,4586,1
114,42,4,0.9993137,phago_only_PhagoOnly_R2.mm,PhagoOnly_R2,4742,1
115,43,4,0.7527972,phago_only_PhagoOnly_R2.mm,PhagoOnly_R2,4812,1
116,44,0,0.9674406,phago_only_PhagoOnly_R2.mm,PhagoOnly_R2,4935,1
117,45,4,0.9969739,phago_only_PhagoOnly_R2.mm,PhagoOnly_R2,5022,1
118,46,0,0.97694653,phago_only_PhagoOnly_R2.mm,PhagoOnly_R2,5025,1
119,47,0,0.9869293,phago_only_PhagoOnly_R2.mm,PhagoOnly_R2,5144,1
120,48,4,0.97009104,phago_only_PhagoOnly_R2.mm,PhagoOnly_R2,5165,1
121,49,0,0.99922633,phago_only_PhagoOnly_R2.mm,PhagoOnly_R2,5168,1
122,50,3,0.80016106,phago_only_PhagoOnly_R2.mm,PhagoOnly_R2,5326,1
123,51,0,0.9912812,phago_only_PhagoOnly_R2.mm,PhagoOnly_R2,5403,1
124,52,5,0.35355335,phago_only_PhagoOnly_R2.mm,PhagoOnly_R2,5899,1
125,53,0,0.9951125,phago_only_PhagoOnly_R2.mm,PhagoOnly_R2,5919,1
126,54,0,0.9236938,phago_only_PhagoOnly_R2.mm,PhagoOnly_R2,5933,1
127,55,0,0.9996171,phago_only_PhagoOnly_R2.mm,PhagoOnly_R2,6055,1
128,56,0,0.97417575,phago_only_PhagoOnly_R2.mm,PhagoOnly_R2,6277,1
129,57,4,0.9852861,phago_only_PhagoOnly_R2.mm,PhagoOnly_R2,6381,1
130,58,4,0.9778195,phago_only_PhagoOnly_R2.mm,PhagoOnly_R2,6461,1
131,59,0,0.99932814,phago_only_PhagoOnly_R2.mm,PhagoOnly_R2,6646,1
132,60,0,0.6524099,phago_only_PhagoOnly_R2.mm,PhagoOnly_R2,6948,1
133,61,0,0.92445457,phago_only_PhagoOnly_R2.mm,PhagoOnly_R2,7033,1
134,62,4,0.97958446,phago_only_PhagoOnly_R2.mm,PhagoOnly_R2,7477,1
135,63,0,0.9996946,phago_only_PhagoOnly_R2.mm,PhagoOnly_R2,7585,1
136,64,0,0.8992001,phago_only_PhagoOnly_R2.mm,PhagoOnly_R2,7593,1
137,65,0,0.99988663,phago_only_PhagoOnly_R2.mm,PhagoOnly_R2,7656,1
138,66,0,0.8861501,phago_only_PhagoOnly_R2.mm,PhagoOnly_R2,8019,1
139,67,5,0.93884784,phago_only_PhagoOnly_R2.mm,PhagoOnly_R2,8052,1
140,68,4,0.98077375,phago_only_PhagoOnly_R2.mm,PhagoOnly_R2,8068,1
141,69,0,0.996736,phago_only_PhagoOnly_R2.mm,PhagoOnly_R2,8157,1
142,70,4,0.9363616,phago_only_PhagoOnly_R2.mm,PhagoOnly_R2,8509,1
143,71,4,0.52016705,phago_only_PhagoOnly_R2.mm,PhagoOnly_R2,8510,1
144,72,3,0.91543484,phago_only_PhagoOnly_R2.mm,PhagoOnly_R2,8781,1
145,73,0,0.99949336,phago_only_PhagoOnly_R2.mm,PhagoOnly_R2,8803,1
146,74,0,0.5684562,phago_only_PhagoOnly_R2.mm,PhagoOnly_R2,8806,1
147,75,6,0.91940874,phago_only_PhagoOnly_R2.mm,PhagoOnly_R2,8844,1
148,76,4,0.75036305,phago_only_PhagoOnly_R2.mm,PhagoOnly_R2,9053,1
149,77,0,0.9997557,phago_only_PhagoOnly_R2.mm,PhagoOnly_R2,9068,1
150,78,6,0.3613606,phago_only_PhagoOnly_R2.mm,PhagoOnly_R2,9141,1
151,79,0,0.8354126,phago_only_PhagoOnly_R2.mm,PhagoOnly_R2,9237,1
152,80,0,0.999468,phago_only_PhagoOnly_R2.mm,PhagoOnly_R2,9266,1
153,81,0,0.9994517,phago_only_PhagoOnly_R2.mm,PhagoOnly_R2,9586,1
154,82,0,0.99971193,phago_only_PhagoOnly_R2.mm,PhagoOnly_R2,9692,1
155,83,4,0.9881995,phago_only_PhagoOnly_R2.mm,PhagoOnly_R2,9919,1
156,0,0,0.9813339,phago_only_PhagoOnly_R5.mm,PhagoOnly_R5,24,1
157,1,0,0.9866414,phago_only_PhagoOnly_R5.mm,PhagoOnly_R5,26,1
158,2,0,0.9708328,phago_only_PhagoOnly_R5.mm,PhagoOnly_R5,32,1
159,3,4,0.99914694,phago_only_PhagoOnly_R5.mm,PhagoOnly_R5,91,1
160,4,6,0.9024316,phago_only_PhagoOnly_R5.mm,PhagoOnly_R5,184,1
161,5,4,0.90797544,phago_only_PhagoOnly_R5.mm,PhagoOnly_R5,235,1
162,6,4,0.942556,phago_only_PhagoOnly_R5.mm,PhagoOnly_R5,265,1
163,7,0,0.8224464,phago_only_PhagoOnly_R5.mm,PhagoOnly_R5,296,1
164,8,5,0.7228219,phago_only_PhagoOnly_R5.mm,PhagoOnly_R5,386,1
165,9,0,0.94358176,phago_only_PhagoOnly_R5.mm,PhagoOnly_R5,469,1
166,10,5,0.61002284,phago_only_PhagoOnly_R5.mm,PhagoOnly_R5,483,1
167,11,0,0.9985499,phago_only_PhagoOnly_R5.mm,PhagoOnly_R5,533,1
168,12,0,0.9696526,phago_only_PhagoOnly_R5.mm,PhagoOnly_R5,542,1
169,13,4,0.832237,phago_only_PhagoOnly_R5.mm,PhagoOnly_R5,559,1
170,14,4,0.9928965,phago_only_PhagoOnly_R5.mm,PhagoOnly_R5,572,1
171,15,5,0.54137266,phago_only_PhagoOnly_R5.mm,PhagoOnly_R5,577,1
172,16,4,0.9710636,phago_only_PhagoOnly_R5.mm,PhagoOnly_R5,579,1
173,17,5,0.5043078,phago_only_PhagoOnly_R5.mm,PhagoOnly_R5,612,1
174,18,0,0.99743843,phago_only_PhagoOnly_R5.mm,PhagoOnly_R5,618,1
175,19,4,0.8160645,phago_only_PhagoOnly_R5.mm,PhagoOnly_R5,654,1
176,20,4,0.6118455,phago_only_PhagoOnly_R5.mm,PhagoOnly_R5,657,1
177,21,0,0.9970874,phago_only_PhagoOnly_R5.mm,PhagoOnly_R5,703,1
178,22,4,0.9453196,phago_only_PhagoOnly_R5.mm,PhagoOnly_R5,710,1
179,23,0,0.9929671,phago_only_PhagoOnly_R5.mm,PhagoOnly_R5,744,1
180,24,5,0.8022307,phago_only_PhagoOnly_R5.mm,PhagoOnly_R5,799,1
181,25,5,0.64909714,phago_only_PhagoOnly_R5.mm,PhagoOnly_R5,801,1
182,26,4,0.6685187,phago_only_PhagoOnly_R5.mm,PhagoOnly_R5,802,1
183,27,4,0.9895732,phago_only_PhagoOnly_R5.mm,PhagoOnly_R5,892,1
184,28,0,0.9659321,phago_only_PhagoOnly_R5.mm,PhagoOnly_R5,983,1
185,29,4,0.99779725,phago_only_PhagoOnly_R5.mm,PhagoOnly_R5,1096,1
186,30,6,0.3183464,phago_only_PhagoOnly_R5.mm,PhagoOnly_R5,1135,1
187,31,4,0.9730541,phago_only_PhagoOnly_R5.mm,PhagoOnly_R5,1141,1
188,32,4,0.99266595,phago_only_PhagoOnly_R5.mm,PhagoOnly_R5,1316,1
189,33,4,0.4305536,phago_only_PhagoOnly_R5.mm,PhagoOnly_R5,1520,1
190,34,0,0.9834853,phago_only_PhagoOnly_R5.mm,PhagoOnly_R5,1571,1
191,35,0,0.6885638,phago_only_PhagoOnly_R5.mm,PhagoOnly_R5,1575,1
192,36,4,0.889058,phago_only_PhagoOnly_R5.mm,PhagoOnly_R5,1606,1
193,37,0,0.9995492,phago_only_PhagoOnly_R5.mm,PhagoOnly_R5,1713,1
194,38,0,0.9722568,phago_only_PhagoOnly_R5.mm,PhagoOnly_R5,1825,1
195,39,4,0.570936,phago_only_PhagoOnly_R5.mm,PhagoOnly_R5,1828,1
196,40,6,0.33042464,phago_only_PhagoOnly_R5.mm,PhagoOnly_R5,1833,1
197,41,4,0.878073,phago_only_PhagoOnly_R5.mm,PhagoOnly_R5,1842,1
198,42,0,0.99869436,phago_only_PhagoOnly_R5.mm,PhagoOnly_R5,1861,1
199,43,4,0.99863714,phago_only_PhagoOnly_R5.mm,PhagoOnly_R5,1903,1
200,44,0,0.96410906,phago_only_PhagoOnly_R5.mm,PhagoOnly_R5,1978,1
201,45,5,0.45355746,phago_only_PhagoOnly_R5.mm,PhagoOnly_R5,2011,1
202,46,0,0.7241309,phago_only_PhagoOnly_R5.mm,PhagoOnly_R5,2034,1
203,47,4,0.77966243,phago_only_PhagoOnly_R5.mm,PhagoOnly_R5,2093,1
204,48,5,0.7491004,phago_only_PhagoOnly_R5.mm,PhagoOnly_R5,2107,1
205,49,4,0.5579627,phago_only_PhagoOnly_R5.mm,PhagoOnly_R5,2145,1
206,50,4,0.97276706,phago_only_PhagoOnly_R5.mm,PhagoOnly_R5,2155,1
207,51,4,0.47833082,phago_only_PhagoOnly_R5.mm,PhagoOnly_R5,2458,1
208,52,4,0.94623023,phago_only_PhagoOnly_R5.mm,PhagoOnly_R5,2565,1
209,53,0,0.99992776,phago_only_PhagoOnly_R5.mm,PhagoOnly_R5,2694,1
210,54,4,0.96885663,phago_only_PhagoOnly_R5.mm,PhagoOnly_R5,2718,1
211,55,4,0.9915447,phago_only_PhagoOnly_R5.mm,PhagoOnly_R5,2729,1
212,56,5,0.90651196,phago_only_PhagoOnly_R5.mm,PhagoOnly_R5,2900,1
213,57,0,0.97269666,phago_only_PhagoOnly_R5.mm,PhagoOnly_R5,3046,1
214,58,4,0.915923,phago_only_PhagoOnly_R5.mm,PhagoOnly_R5,3100,1
215,59,5,0.39581668,phago_only_PhagoOnly_R5.mm,PhagoOnly_R5,3175,1
216,60,6,0.8333253,phago_only_PhagoOnly_R5.mm,PhagoOnly_R5,3181,1
217,61,0,0.99657637,phago_only_PhagoOnly_R5.mm,PhagoOnly_R5,3210,1
218,62,4,0.69414073,phago_only_PhagoOnly_R5.mm,PhagoOnly_R5,3225,1
219,63,4,0.499506,phago_only_PhagoOnly_R5.mm,PhagoOnly_R5,3268,1
220,64,4,0.41097322,phago_only_PhagoOnly_R5.mm,PhagoOnly_R5,3347,1
221,65,0,0.99930227,phago_only_PhagoOnly_R5.mm,PhagoOnly_R5,3603,1
222,66,4,0.8520642,phago_only_PhagoOnly_R5.mm,PhagoOnly_R5,3723,1
223,67,5,0.75832045,phago_only_PhagoOnly_R5.mm,PhagoOnly_R5,3781,1
224,68,0,0.9876194,phago_only_PhagoOnly_R5.mm,PhagoOnly_R5,3794,1
225,69,0,0.6074947,phago_only_PhagoOnly_R5.mm,PhagoOnly_R5,3846,1
226,70,0,0.9973736,phago_only_PhagoOnly_R5.mm,PhagoOnly_R5,4004,1
227,71,5,0.58905345,phago_only_PhagoOnly_R5.mm,PhagoOnly_R5,4010,1
228,72,0,0.99947363,phago_only_PhagoOnly_R5.mm,PhagoOnly_R5,4026,1
229,73,0,0.9363543,phago_only_PhagoOnly_R5.mm,PhagoOnly_R5,4113,1
230,74,5,0.9944299,phago_only_PhagoOnly_R5.mm,PhagoOnly_R5,4284,1
231,75,0,0.9989814,phago_only_PhagoOnly_R5.mm,PhagoOnly_R5,4350,1
232,76,5,0.62016684,phago_only_PhagoOnly_R5.mm,PhagoOnly_R5,4395,1
233,77,4,0.99631906,phago_only_PhagoOnly_R5.mm,PhagoOnly_R5,4404,1
234,78,0,0.86866397,phago_only_PhagoOnly_R5.mm,PhagoOnly_R5,4419,1
235,79,0,0.9987043,phago_only_PhagoOnly_R5.mm,PhagoOnly_R5,4646,1
236,80,4,0.6939826,phago_only_PhagoOnly_R5.mm,PhagoOnly_R5,4661,1
237,81,4,0.83227897,phago_only_PhagoOnly_R5.mm,PhagoOnly_R5,4681,1
238,82,0,0.75466734,phago_only_PhagoOnly_R5.mm,PhagoOnly_R5,4724,1
239,83,0,0.99995553,phago_only_PhagoOnly_R5.mm,PhagoOnly_R5,4738,1
240,84,4,0.98731494,phago_only_PhagoOnly_R5.mm,PhagoOnly_R5,4782,1
241,85,0,0.5785705,phago_only_PhagoOnly_R5.mm,PhagoOnly_R5,5007,1
242,86,0,0.7133676,phago_only_PhagoOnly_R5.mm,PhagoOnly_R5,5025,1
243,87,5,0.61222625,phago_only_PhagoOnly_R5.mm,PhagoOnly_R5,5038,1
244,88,4,0.98596233,phago_only_PhagoOnly_R5.mm,PhagoOnly_R5,5185,1
245,89,4,0.61095446,phago_only_PhagoOnly_R5.mm,PhagoOnly_R5,5215,1
246,90,5,0.4490707,phago_only_PhagoOnly_R5.mm,PhagoOnly_R5,5396,1
247,91,5,0.7848676,phago_only_PhagoOnly_R5.mm,PhagoOnly_R5,5411,1
248,92,0,0.999808,phago_only_PhagoOnly_R5.mm,PhagoOnly_R5,5488,1
249,93,0,0.8216407,phago_only_PhagoOnly_R5.mm,PhagoOnly_R5,5537,1
250,94,0,0.34639502,phago_only_PhagoOnly_R5.mm,PhagoOnly_R5,5590,1
251,95,4,0.49388772,phago_only_PhagoOnly_R5.mm,PhagoOnly_R5,5608,1
252,96,0,0.9993656,phago_only_PhagoOnly_R5.mm,PhagoOnly_R5,5630,1
253,97,0,0.99813133,phago_only_PhagoOnly_R5.mm,PhagoOnly_R5,5676,1
254,98,6,0.5761497,phago_only_PhagoOnly_R5.mm,PhagoOnly_R5,5774,1
255,99,6,0.7328728,phago_only_PhagoOnly_R5.mm,PhagoOnly_R5,5905,1
256,100,0,0.98556155,phago_only_PhagoOnly_R5.mm,PhagoOnly_R5,5949,1
257,101,4,0.9847632,phago_only_PhagoOnly_R5.mm,PhagoOnly_R5,5962,1
258,102,4,0.582739,phago_only_PhagoOnly_R5.mm,PhagoOnly_R5,6011,1
259,103,4,0.5550677,phago_only_PhagoOnly_R5.mm,PhagoOnly_R5,6016,1
260,104,0,0.96757185,phago_only_PhagoOnly_R5.mm,PhagoOnly_R5,6055,1
261,105,0,0.8783673,phago_only_PhagoOnly_R5.mm,PhagoOnly_R5,6095,1
262,106,4,0.74079543,phago_only_PhagoOnly_R5.mm,PhagoOnly_R5,6144,1
263,107,5,0.74236065,phago_only_PhagoOnly_R5.mm,PhagoOnly_R5,6218,1
264,108,4,0.5135995,phago_only_PhagoOnly_R5.mm,PhagoOnly_R5,6317,1
265,109,0,0.65627855,phago_only_PhagoOnly_R5.mm,PhagoOnly_R5,6329,1
266,110,5,0.83426476,phago_only_PhagoOnly_R5.mm,PhagoOnly_R5,6344,1
267,111,5,0.94743294,phago_only_PhagoOnly_R5.mm,PhagoOnly_R5,6435,1
268,112,0,0.9981445,phago_only_PhagoOnly_R5.mm,PhagoOnly_R5,6437,1
269,113,4,0.95661885,phago_only_PhagoOnly_R5.mm,PhagoOnly_R5,6512,1
270,114,0,0.9815819,phago_only_PhagoOnly_R5.mm,PhagoOnly_R5,6660,1
271,115,3,0.63968736,phago_only_PhagoOnly_R5.mm,PhagoOnly_R5,6729,1
272,116,4,0.9310659,phago_only_PhagoOnly_R5.mm,PhagoOnly_R5,6795,1
273,117,4,0.81219554,phago_only_PhagoOnly_R5.mm,PhagoOnly_R5,6879,1
274,118,0,0.99149585,phago_only_PhagoOnly_R5.mm,PhagoOnly_R5,7097,1
275,119,5,0.88837594,phago_only_PhagoOnly_R5.mm,PhagoOnly_R5,7098,1
276,120,6,0.91037625,phago_only_PhagoOnly_R5.mm,PhagoOnly_R5,7284,1
277,121,4,0.9988373,phago_only_PhagoOnly_R5.mm,PhagoOnly_R5,7367,1
278,122,5,0.4706786,phago_only_PhagoOnly_R5.mm,PhagoOnly_R5,7583,1
279,123,0,0.9895018,phago_only_PhagoOnly_R5.mm,PhagoOnly_R5,7594,1
280,124,5,0.91378766,phago_only_PhagoOnly_R5.mm,PhagoOnly_R5,7603,1
281,125,4,0.9693878,phago_only_PhagoOnly_R5.mm,PhagoOnly_R5,7732,1
282,126,0,0.9799731,phago_only_PhagoOnly_R5.mm,PhagoOnly_R5,7760,1
283,127,0,0.9993666,phago_only_PhagoOnly_R5.mm,PhagoOnly_R5,7790,1
284,128,0,0.99052,phago_only_PhagoOnly_R5.mm,PhagoOnly_R5,7801,1
285,129,4,0.84416723,phago_only_PhagoOnly_R5.mm,PhagoOnly_R5,7828,1
286,130,4,0.5531765,phago_only_PhagoOnly_R5.mm,PhagoOnly_R5,7873,1
287,131,0,0.99352515,phago_only_PhagoOnly_R5.mm,PhagoOnly_R5,7906,1
288,132,4,0.9945015,phago_only_PhagoOnly_R5.mm,PhagoOnly_R5,8035,1
289,133,5,0.6066609,phago_only_PhagoOnly_R5.mm,PhagoOnly_R5,8326,1
290,134,4,0.7117527,phago_only_PhagoOnly_R5.mm,PhagoOnly_R5,8331,1
291,135,0,0.9996458,phago_only_PhagoOnly_R5.mm,PhagoOnly_R5,8465,1
292,136,0,0.9742474,phago_only_PhagoOnly_R5.mm,PhagoOnly_R5,8522,1
293,137,0,0.4941851,phago_only_PhagoOnly_R5.mm,PhagoOnly_R5,8552,1
294,138,5,0.9522082,phago_only_PhagoOnly_R5.mm,PhagoOnly_R5,8554,1
295,139,0,0.99619544,phago_only_PhagoOnly_R5.mm,PhagoOnly_R5,8737,1
296,140,5,0.97614574,phago_only_PhagoOnly_R5.mm,PhagoOnly_R5,8780,1
297,141,0,0.99991703,phago_only_PhagoOnly_R5.mm,PhagoOnly_R5,8809,1
298,142,4,0.7559328,phago_only_PhagoOnly_R5.mm,PhagoOnly_R5,8879,1
299,143,5,0.47110596,phago_only_PhagoOnly_R5.mm,PhagoOnly_R5,8911,1
300,144,5,0.4948885,phago_only_PhagoOnly_R5.mm,PhagoOnly_R5,8925,1
301,145,0,0.9999932,phago_only_PhagoOnly_R5.mm,PhagoOnly_R5,8952,1
302,146,5,0.80133456,phago_only_PhagoOnly_R5.mm,PhagoOnly_R5,8953,1
303,147,4,0.990141,phago_only_PhagoOnly_R5.mm,PhagoOnly_R5,8969,1
304,148,0,0.98789144,phago_only_PhagoOnly_R5.mm,PhagoOnly_R5,9006,1
305,149,4,0.9741364,phago_only_PhagoOnly_R5.mm,PhagoOnly_R5,9133,1
306,150,6,0.8581102,phago_only_PhagoOnly_R5.mm,PhagoOnly_R5,9138,1
307,151,0,0.97559154,phago_only_PhagoOnly_R5.mm,PhagoOnly_R5,9149,1
308,152,0,0.9963199,phago_only_PhagoOnly_R5.mm,PhagoOnly_R5,9188,1
309,153,0,0.8899041,phago_only_PhagoOnly_R5.mm,PhagoOnly_R5,9238,1
310,154,4,0.94902927,phago_only_PhagoOnly_R5.mm,PhagoOnly_R5,9306,1
311,155,0,0.39854786,phago_only_PhagoOnly_R5.mm,PhagoOnly_R5,9307,1
312,156,0,0.99757487,phago_only_PhagoOnly_R5.mm,PhagoOnly_R5,9319,1
313,157,4,0.80977273,phago_only_PhagoOnly_R5.mm,PhagoOnly_R5,9427,1
314,158,4,0.57609284,phago_only_PhagoOnly_R5.mm,PhagoOnly_R5,9467,1
315,159,0,0.9996309,phago_only_PhagoOnly_R5.mm,PhagoOnly_R5,9471,1
316,160,4,0.67202127,phago_only_PhagoOnly_R5.mm,PhagoOnly_R5,9475,1
317,161,5,0.44863468,phago_only_PhagoOnly_R5.mm,PhagoOnly_R5,9662,1
318,162,0,0.96073484,phago_only_PhagoOnly_R5.mm,PhagoOnly_R5,9663,1
319,163,6,0.9112734,phago_only_PhagoOnly_R5.mm,PhagoOnly_R5,9764,1
320,164,0,0.9549757,phago_only_PhagoOnly_R5.mm,PhagoOnly_R5,9786,1
321,165,0,0.99807775,phago_only_PhagoOnly_R5.mm,PhagoOnly_R5,9816,1
322,166,5,0.96187633,phago_only_PhagoOnly_R5.mm,PhagoOnly_R5,9869,1
323,167,0,0.51827323,phago_only_PhagoOnly_R5.mm,PhagoOnly_R5,9871,1
324,168,6,0.4253945,phago_only_PhagoOnly_R5.mm,PhagoOnly_R5,9920,1
325,169,4,0.91969925,phago_only_PhagoOnly_R5.mm,PhagoOnly_R5,9960,1
326,0,4,0.99447674,phago_only_PhagoOnly_R4.mm,PhagoOnly_R4,158,1
327,1,4,0.96813464,phago_only_PhagoOnly_R4.mm,PhagoOnly_R4,413,1
328,2,4,0.97345114,phago_only_PhagoOnly_R4.mm,PhagoOnly_R4,503,1
329,3,0,0.9996666,phago_only_PhagoOnly_R4.mm,PhagoOnly_R4,553,1
330,4,4,0.9297597,phago_only_PhagoOnly_R4.mm,PhagoOnly_R4,606,1
331,5,4,0.3906582,phago_only_PhagoOnly_R4.mm,PhagoOnly_R4,622,1
332,6,6,0.7726583,phago_only_PhagoOnly_R4.mm,PhagoOnly_R4,654,1
333,7,4,0.36211342,phago_only_PhagoOnly_R4.mm,PhagoOnly_R4,677,1
334,8,0,0.9981749,phago_only_PhagoOnly_R4.mm,PhagoOnly_R4,744,1
335,9,4,0.86213356,phago_only_PhagoOnly_R4.mm,PhagoOnly_R4,845,1
336,10,5,0.45518234,phago_only_PhagoOnly_R4.mm,PhagoOnly_R4,897,1
337,11,5,0.71053946,phago_only_PhagoOnly_R4.mm,PhagoOnly_R4,952,1
338,12,0,0.9995315,phago_only_PhagoOnly_R4.mm,PhagoOnly_R4,992,1
339,13,2,0.7008707,phago_only_PhagoOnly_R4.mm,PhagoOnly_R4,1049,1
340,14,0,0.78063947,phago_only_PhagoOnly_R4.mm,PhagoOnly_R4,1069,1
341,15,0,0.8989199,phago_only_PhagoOnly_R4.mm,PhagoOnly_R4,1221,1
342,16,4,0.9734082,phago_only_PhagoOnly_R4.mm,PhagoOnly_R4,1245,1
343,17,4,0.43115312,phago_only_PhagoOnly_R4.mm,PhagoOnly_R4,1258,1
344,18,3,0.57191503,phago_only_PhagoOnly_R4.mm,PhagoOnly_R4,1270,1
345,19,5,0.6975453,phago_only_PhagoOnly_R4.mm,PhagoOnly_R4,1366,1
346,20,4,0.99333125,phago_only_PhagoOnly_R4.mm,PhagoOnly_R4,1551,1
347,21,5,0.666559,phago_only_PhagoOnly_R4.mm,PhagoOnly_R4,1642,1
348,22,4,0.85726047,phago_only_PhagoOnly_R4.mm,PhagoOnly_R4,1664,1
349,23,0,0.64631456,phago_only_PhagoOnly_R4.mm,PhagoOnly_R4,1717,1
350,24,0,0.8692533,phago_only_PhagoOnly_R4.mm,PhagoOnly_R4,1755,1
351,25,6,0.7342449,phago_only_PhagoOnly_R4.mm,PhagoOnly_R4,1867,1
352,26,0,0.36823124,phago_only_PhagoOnly_R4.mm,PhagoOnly_R4,1944,1
353,27,4,0.99652195,phago_only_PhagoOnly_R4.mm,PhagoOnly_R4,2000,1
354,28,0,0.9274539,phago_only_PhagoOnly_R4.mm,PhagoOnly_R4,2082,1
355,29,0,0.86192214,phago_only_PhagoOnly_R4.mm,PhagoOnly_R4,2084,1
356,30,0,0.9992079,phago_only_PhagoOnly_R4.mm,PhagoOnly_R4,2094,1
357,31,0,0.98211676,phago_only_PhagoOnly_R4.mm,PhagoOnly_R4,2098,1
358,32,3,0.667094,phago_only_PhagoOnly_R4.mm,PhagoOnly_R4,2163,1
359,33,0,0.998611,phago_only_PhagoOnly_R4.mm,PhagoOnly_R4,2170,1
360,34,5,0.8721495,phago_only_PhagoOnly_R4.mm,PhagoOnly_R4,2268,1
361,35,4,0.99563795,phago_only_PhagoOnly_R4.mm,PhagoOnly_R4,2297,1
362,36,0,0.9982004,phago_only_PhagoOnly_R4.mm,PhagoOnly_R4,2356,1
363,37,5,0.94881445,phago_only_PhagoOnly_R4.mm,PhagoOnly_R4,2455,1
364,38,5,0.61954546,phago_only_PhagoOnly_R4.mm,PhagoOnly_R4,2463,1
365,39,5,0.8372371,phago_only_PhagoOnly_R4.mm,PhagoOnly_R4,2579,1
366,40,5,0.46591038,phago_only_PhagoOnly_R4.mm,PhagoOnly_R4,2700,1
367,41,0,0.8934125,phago_only_PhagoOnly_R4.mm,PhagoOnly_R4,2744,1
368,42,4,0.7890385,phago_only_PhagoOnly_R4.mm,PhagoOnly_R4,2892,1
369,43,4,0.9781244,phago_only_PhagoOnly_R4.mm,PhagoOnly_R4,2912,1
370,44,0,0.9809707,phago_only_PhagoOnly_R4.mm,PhagoOnly_R4,2967,1
371,45,0,0.90416706,phago_only_PhagoOnly_R4.mm,PhagoOnly_R4,2971,1
372,46,4,0.7839369,phago_only_PhagoOnly_R4.mm,PhagoOnly_R4,3015,1
373,47,0,0.39477324,phago_only_PhagoOnly_R4.mm,PhagoOnly_R4,3058,1
374,48,4,0.9927245,phago_only_PhagoOnly_R4.mm,PhagoOnly_R4,3272,1
375,49,6,0.40059793,phago_only_PhagoOnly_R4.mm,PhagoOnly_R4,3304,1
376,50,4,0.9789291,phago_only_PhagoOnly_R4.mm,PhagoOnly_R4,3368,1
377,51,0,0.99842864,phago_only_PhagoOnly_R4.mm,PhagoOnly_R4,3472,1
378,52,0,0.9309294,phago_only_PhagoOnly_R4.mm,PhagoOnly_R4,3496,1
379,53,4,0.55267954,phago_only_PhagoOnly_R4.mm,PhagoOnly_R4,3546,1
380,54,0,0.6170553,phago_only_PhagoOnly_R4.mm,PhagoOnly_R4,3601,1
381,55,0,0.970318,phago_only_PhagoOnly_R4.mm,PhagoOnly_R4,3720,1
382,56,4,0.9779971,phago_only_PhagoOnly_R4.mm,PhagoOnly_R4,3821,1
383,57,3,0.69683117,phago_only_PhagoOnly_R4.mm,PhagoOnly_R4,3831,1
384,58,0,0.9855869,phago_only_PhagoOnly_R4.mm,PhagoOnly_R4,3905,1
385,59,0,0.9999908,phago_only_PhagoOnly_R4.mm,PhagoOnly_R4,3943,1
386,60,4,0.9885063,phago_only_PhagoOnly_R4.mm,PhagoOnly_R4,3965,1
387,61,0,0.67387474,phago_only_PhagoOnly_R4.mm,PhagoOnly_R4,4148,1
388,62,0,0.9355056,phago_only_PhagoOnly_R4.mm,PhagoOnly_R4,4414,1
389,63,5,0.6632698,phago_only_PhagoOnly_R4.mm,PhagoOnly_R4,4423,1
390,64,0,0.99681133,phago_only_PhagoOnly_R4.mm,PhagoOnly_R4,4426,1
391,65,0,0.99892455,phago_only_PhagoOnly_R4.mm,PhagoOnly_R4,4522,1
392,66,4,0.75532603,phago_only_PhagoOnly_R4.mm,PhagoOnly_R4,4760,1
393,67,4,0.96380746,phago_only_PhagoOnly_R4.mm,PhagoOnly_R4,4777,1
394,68,3,0.84332275,phago_only_PhagoOnly_R4.mm,PhagoOnly_R4,4787,1
395,69,5,0.51000875,phago_only_PhagoOnly_R4.mm,PhagoOnly_R4,4828,1
396,70,4,0.9174769,phago_only_PhagoOnly_R4.mm,PhagoOnly_R4,4891,1
397,71,4,0.73518455,phago_only_PhagoOnly_R4.mm,PhagoOnly_R4,4980,1
398,72,4,0.96546406,phago_only_PhagoOnly_R4.mm,PhagoOnly_R4,5000,1
399,73,0,0.9139335,phago_only_PhagoOnly_R4.mm,PhagoOnly_R4,5141,1
400,74,4,0.99576133,phago_only_PhagoOnly_R4.mm,PhagoOnly_R4,5149,1
401,75,4,0.78307384,phago_only_PhagoOnly_R4.mm,PhagoOnly_R4,5218,1
402,76,0,0.9788719,phago_only_PhagoOnly_R4.mm,PhagoOnly_R4,5229,1
403,77,4,0.8456744,phago_only_PhagoOnly_R4.mm,PhagoOnly_R4,5316,1
404,78,5,0.88308126,phago_only_PhagoOnly_R4.mm,PhagoOnly_R4,5405,1
405,79,4,0.57598096,phago_only_PhagoOnly_R4.mm,PhagoOnly_R4,5541,1
406,80,0,0.8410847,phago_only_PhagoOnly_R4.mm,PhagoOnly_R4,5566,1
407,81,0,0.98423475,phago_only_PhagoOnly_R4.mm,PhagoOnly_R4,5592,1
408,82,4,0.7071012,phago_only_PhagoOnly_R4.mm,PhagoOnly_R4,5607,1
409,83,0,0.790177,phago_only_PhagoOnly_R4.mm,PhagoOnly_R4,5624,1
410,84,0,0.9599695,phago_only_PhagoOnly_R4.mm,PhagoOnly_R4,5636,1
411,85,4,0.6022112,phago_only_PhagoOnly_R4.mm,PhagoOnly_R4,5712,1
412,86,4,0.84914464,phago_only_PhagoOnly_R4.mm,PhagoOnly_R4,5746,1
413,87,4,0.47117054,phago_only_PhagoOnly_R4.mm,PhagoOnly_R4,5930,1
414,88,6,0.69056094,phago_only_PhagoOnly_R4.mm,PhagoOnly_R4,6103,1
415,89,0,0.99339676,phago_only_PhagoOnly_R4.mm,PhagoOnly_R4,6185,1
416,90,0,0.98187286,phago_only_PhagoOnly_R4.mm,PhagoOnly_R4,6262,1
417,91,0,0.9873877,phago_only_PhagoOnly_R4.mm,PhagoOnly_R4,6292,1
418,92,4,0.98419833,phago_only_PhagoOnly_R4.mm,PhagoOnly_R4,6343,1
419,93,4,0.99339163,phago_only_PhagoOnly_R4.mm,PhagoOnly_R4,6346,1
420,94,0,0.99976283,phago_only_PhagoOnly_R4.mm,PhagoOnly_R4,6383,1
421,95,4,0.6323394,phago_only_PhagoOnly_R4.mm,PhagoOnly_R4,6454,1
422,96,0,0.99951315,phago_only_PhagoOnly_R4.mm,PhagoOnly_R4,6592,1
423,97,4,0.61583817,phago_only_PhagoOnly_R4.mm,PhagoOnly_R4,6649,1
424,98,4,0.66424966,phago_only_PhagoOnly_R4.mm,PhagoOnly_R4,6749,1
425,99,0,0.9999832,phago_only_PhagoOnly_R4.mm,PhagoOnly_R4,6804,1
426,100,0,0.9879957,phago_only_PhagoOnly_R4.mm,PhagoOnly_R4,6817,1
427,101,5,0.59585243,phago_only_PhagoOnly_R4.mm,PhagoOnly_R4,6903,1
428,102,0,0.8984988,phago_only_PhagoOnly_R4.mm,PhagoOnly_R4,7017,1
429,103,0,0.9989807,phago_only_PhagoOnly_R4.mm,PhagoOnly_R4,7231,1
430,104,0,0.813215,phago_only_PhagoOnly_R4.mm,PhagoOnly_R4,7318,1
431,105,0,0.9995283,phago_only_PhagoOnly_R4.mm,PhagoOnly_R4,7410,1
432,106,0,0.54711145,phago_only_PhagoOnly_R4.mm,PhagoOnly_R4,7460,1
433,107,5,0.54295295,phago_only_PhagoOnly_R4.mm,PhagoOnly_R4,7571,1
434,108,1,0.5117617,phago_only_PhagoOnly_R4.mm,PhagoOnly_R4,7585,1
435,109,0,0.5643984,phago_only_PhagoOnly_R4.mm,PhagoOnly_R4,7669,1
436,110,6,0.6589217,phago_only_PhagoOnly_R4.mm,PhagoOnly_R4,7719,1
437,111,0,0.600305,phago_only_PhagoOnly_R4.mm,PhagoOnly_R4,7799,1
438,112,5,0.5838588,phago_only_PhagoOnly_R4.mm,PhagoOnly_R4,7980,1
439,113,5,0.9248677,phago_only_PhagoOnly_R4.mm,PhagoOnly_R4,8028,1
440,114,0,0.5596211,phago_only_PhagoOnly_R4.mm,PhagoOnly_R4,8115,1
441,115,6,0.9447747,phago_only_PhagoOnly_R4.mm,PhagoOnly_R4,8168,1
442,116,0,0.9024314,phago_only_PhagoOnly_R4.mm,PhagoOnly_R4,8193,1
443,117,0,0.844661,phago_only_PhagoOnly_R4.mm,PhagoOnly_R4,8200,1
444,118,0,0.9996681,phago_only_PhagoOnly_R4.mm,PhagoOnly_R4,8329,1
445,119,4,0.58052504,phago_only_PhagoOnly_R4.mm,PhagoOnly_R4,8458,1
446,120,0,0.94946903,phago_only_PhagoOnly_R4.mm,PhagoOnly_R4,8470,1
447,121,0,0.99849343,phago_only_PhagoOnly_R4.mm,PhagoOnly_R4,8545,1
448,122,0,0.970524,phago_only_PhagoOnly_R4.mm,PhagoOnly_R4,8639,1
449,123,5,0.87836814,phago_only_PhagoOnly_R4.mm,PhagoOnly_R4,8897,1
450,124,3,0.74868405,phago_only_PhagoOnly_R4.mm,PhagoOnly_R4,8985,1
451,125,5,0.6908432,phago_only_PhagoOnly_R4.mm,PhagoOnly_R4,9038,1
452,126,4,0.9971643,phago_only_PhagoOnly_R4.mm,PhagoOnly_R4,9076,1
453,127,4,0.98916,phago_only_PhagoOnly_R4.mm,PhagoOnly_R4,9094,1
454,128,0,0.9588128,phago_only_PhagoOnly_R4.mm,PhagoOnly_R4,9137,1
455,129,0,0.99979025,phago_only_PhagoOnly_R4.mm,PhagoOnly_R4,9188,1
456,130,4,0.79203755,phago_only_PhagoOnly_R4.mm,PhagoOnly_R4,9251,1
457,131,5,0.95679986,phago_only_PhagoOnly_R4.mm,PhagoOnly_R4,9310,1
458,132,0,0.99435824,phago_only_PhagoOnly_R4.mm,PhagoOnly_R4,9319,1
459,133,4,0.9830662,phago_only_PhagoOnly_R4.mm,PhagoOnly_R4,9378,1
460,134,0,0.9987889,phago_only_PhagoOnly_R4.mm,PhagoOnly_R4,9436,1
461,135,4,0.32623243,phago_only_PhagoOnly_R4.mm,PhagoOnly_R4,9484,1
462,136,4,0.46972308,phago_only_PhagoOnly_R4.mm,PhagoOnly_R4,9510,1
463,137,0,0.99948007,phago_only_PhagoOnly_R4.mm,PhagoOnly_R4,9520,1
464,138,4,0.8674336,phago_only_PhagoOnly_R4.mm,PhagoOnly_R4,9767,1
465,139,0,0.8861136,phago_only_PhagoOnly_R4.mm,PhagoOnly_R4,9875,1
466,140,0,0.93461573,phago_only_PhagoOnly_R4.mm,PhagoOnly_R4,9944,1
467,141,0,0.8306635,phago_only_PhagoOnly_R4.mm,PhagoOnly_R4,9974,1
468,0,0,0.99942964,phago_only_PhagoOnly_R1.mm,PhagoOnly_R1,66,1
469,1,0,0.52736515,phago_only_PhagoOnly_R1.mm,PhagoOnly_R1,99,1
470,2,0,0.99998283,phago_only_PhagoOnly_R1.mm,PhagoOnly_R1,103,1
471,3,0,0.99715865,phago_only_PhagoOnly_R1.mm,PhagoOnly_R1,210,1
472,4,0,0.9999291,phago_only_PhagoOnly_R1.mm,PhagoOnly_R1,270,1
473,5,4,0.6480624,phago_only_PhagoOnly_R1.mm,PhagoOnly_R1,347,1
474,6,0,0.87333846,phago_only_PhagoOnly_R1.mm,PhagoOnly_R1,350,1
475,7,0,0.9989974,phago_only_PhagoOnly_R1.mm,PhagoOnly_R1,351,1
476,8,0,0.9945939,phago_only_PhagoOnly_R1.mm,PhagoOnly_R1,375,1
477,9,0,0.9996854,phago_only_PhagoOnly_R1.mm,PhagoOnly_R1,408,1
478,10,0,0.874414,phago_only_PhagoOnly_R1.mm,PhagoOnly_R1,447,1
479,11,0,0.9999542,phago_only_PhagoOnly_R1.mm,PhagoOnly_R1,449,1
480,12,0,0.94699097,phago_only_PhagoOnly_R1.mm,PhagoOnly_R1,457,1
481,13,4,0.99398875,phago_only_PhagoOnly_R1.mm,PhagoOnly_R1,503,1
482,14,0,0.9874341,phago_only_PhagoOnly_R1.mm,PhagoOnly_R1,614,1
483,15,4,0.80576956,phago_only_PhagoOnly_R1.mm,PhagoOnly_R1,621,1
484,16,0,0.98783046,phago_only_PhagoOnly_R1.mm,PhagoOnly_R1,626,1
485,17,4,0.90352607,phago_only_PhagoOnly_R1.mm,PhagoOnly_R1,718,1
486,18,0,0.96748537,phago_only_PhagoOnly_R1.mm,PhagoOnly_R1,842,1
487,19,0,0.84788567,phago_only_PhagoOnly_R1.mm,PhagoOnly_R1,906,1
488,20,0,0.9995023,phago_only_PhagoOnly_R1.mm,PhagoOnly_R1,1009,1
489,21,4,0.85703033,phago_only_PhagoOnly_R1.mm,PhagoOnly_R1,1018,1
490,22,0,0.9857734,phago_only_PhagoOnly_R1.mm,PhagoOnly_R1,1057,1
491,23,4,0.9307078,phago_only_PhagoOnly_R1.mm,PhagoOnly_R1,1060,1
492,24,5,0.45460805,phago_only_PhagoOnly_R1.mm,PhagoOnly_R1,1108,1
493,25,0,0.9993298,phago_only_PhagoOnly_R1.mm,PhagoOnly_R1,1175,1
494,26,4,0.5873527,phago_only_PhagoOnly_R1.mm,PhagoOnly_R1,1201,1
495,27,4,0.92491794,phago_only_PhagoOnly_R1.mm,PhagoOnly_R1,1352,1
496,28,4,0.59269327,phago_only_PhagoOnly_R1.mm,PhagoOnly_R1,1400,1
497,29,5,0.8292118,phago_only_PhagoOnly_R1.mm,PhagoOnly_R1,1456,1
498,30,0,0.999902,phago_only_PhagoOnly_R1.mm,PhagoOnly_R1,1461,1
499,31,0,0.9306874,phago_only_PhagoOnly_R1.mm,PhagoOnly_R1,1508,1
500,32,0,0.8268012,phago_only_PhagoOnly_R1.mm,PhagoOnly_R1,1589,1
501,33,5,0.9121943,phago_only_PhagoOnly_R1.mm,PhagoOnly_R1,1830,1
502,34,5,0.4603015,phago_only_PhagoOnly_R1.mm,PhagoOnly_R1,1894,1
503,35,6,0.84213096,phago_only_PhagoOnly_R1.mm,PhagoOnly_R1,1977,1
504,36,0,0.7608928,phago_only_PhagoOnly_R1.mm,PhagoOnly_R1,2078,1
505,37,4,0.9941121,phago_only_PhagoOnly_R1.mm,PhagoOnly_R1,2232,1
506,38,3,0.85836905,phago_only_PhagoOnly_R1.mm,PhagoOnly_R1,2257,1
507,39,0,0.920242,phago_only_PhagoOnly_R1.mm,PhagoOnly_R1,2411,1
508,40,5,0.9446363,phago_only_PhagoOnly_R1.mm,PhagoOnly_R1,2474,1
509,41,0,0.95249116,phago_only_PhagoOnly_R1.mm,PhagoOnly_R1,2516,1
510,42,6,0.57662225,phago_only_PhagoOnly_R1.mm,PhagoOnly_R1,2560,1
511,43,0,0.9554739,phago_only_PhagoOnly_R1.mm,PhagoOnly_R1,2745,1
512,44,4,0.6460318,phago_only_PhagoOnly_R1.mm,PhagoOnly_R1,2749,1
513,45,5,0.59155023,phago_only_PhagoOnly_R1.mm,PhagoOnly_R1,2759,1
514,46,0,0.42605755,phago_only_PhagoOnly_R1.mm,PhagoOnly_R1,2892,1
515,47,0,0.98112893,phago_only_PhagoOnly_R1.mm,PhagoOnly_R1,2931,1
516,48,4,0.9988859,phago_only_PhagoOnly_R1.mm,PhagoOnly_R1,2998,1
517,49,6,0.971983,phago_only_PhagoOnly_R1.mm,PhagoOnly_R1,3038,1
518,50,6,0.5394316,phago_only_PhagoOnly_R1.mm,PhagoOnly_R1,3047,1
519,51,4,0.7592461,phago_only_PhagoOnly_R1.mm,PhagoOnly_R1,3128,1
520,52,4,0.44245481,phago_only_PhagoOnly_R1.mm,PhagoOnly_R1,3157,1
521,53,4,0.8358458,phago_only_PhagoOnly_R1.mm,PhagoOnly_R1,3236,1
522,54,4,0.83996075,phago_only_PhagoOnly_R1.mm,PhagoOnly_R1,3368,1
523,55,0,0.918612,phago_only_PhagoOnly_R1.mm,PhagoOnly_R1,3443,1
524,56,0,0.79737264,phago_only_PhagoOnly_R1.mm,PhagoOnly_R1,3483,1
525,57,6,0.51865906,phago_only_PhagoOnly_R1.mm,PhagoOnly_R1,3507,1
526,58,0,0.9479243,phago_only_PhagoOnly_R1.mm,PhagoOnly_R1,3564,1
527,59,5,0.7246906,phago_only_PhagoOnly_R1.mm,PhagoOnly_R1,3601,1
528,60,4,0.7191797,phago_only_PhagoOnly_R1.mm,PhagoOnly_R1,3696,1
529,61,4,0.96024287,phago_only_PhagoOnly_R1.mm,PhagoOnly_R1,3918,1
530,62,4,0.8915696,phago_only_PhagoOnly_R1.mm,PhagoOnly_R1,3978,1
531,63,0,0.99831676,phago_only_PhagoOnly_R1.mm,PhagoOnly_R1,3985,1
532,64,0,0.8168454,phago_only_PhagoOnly_R1.mm,PhagoOnly_R1,4149,1
533,65,0,0.94054407,phago_only_PhagoOnly_R1.mm,PhagoOnly_R1,4247,1
534,66,0,0.99026126,phago_only_PhagoOnly_R1.mm,PhagoOnly_R1,4294,1
535,67,4,0.8904207,phago_only_PhagoOnly_R1.mm,PhagoOnly_R1,4431,1
536,68,0,0.9234704,phago_only_PhagoOnly_R1.mm,PhagoOnly_R1,4456,1
537,69,0,0.99841666,phago_only_PhagoOnly_R1.mm,PhagoOnly_R1,4483,1
538,70,4,0.98388565,phago_only_PhagoOnly_R1.mm,PhagoOnly_R1,4591,1
539,71,0,0.995862,phago_only_PhagoOnly_R1.mm,PhagoOnly_R1,4592,1
540,72,4,0.5798732,phago_only_PhagoOnly_R1.mm,PhagoOnly_R1,4599,1
541,73,5,0.5213408,phago_only_PhagoOnly_R1.mm,PhagoOnly_R1,4653,1
542,74,0,0.8651323,phago_only_PhagoOnly_R1.mm,PhagoOnly_R1,4931,1
543,75,0,0.9683395,phago_only_PhagoOnly_R1.mm,PhagoOnly_R1,4952,1
544,76,5,0.5572371,phago_only_PhagoOnly_R1.mm,PhagoOnly_R1,4971,1
545,77,0,0.91023684,phago_only_PhagoOnly_R1.mm,PhagoOnly_R1,4972,1
546,78,4,0.8494778,phago_only_PhagoOnly_R1.mm,PhagoOnly_R1,4981,1
547,79,5,0.46011567,phago_only_PhagoOnly_R1.mm,PhagoOnly_R1,5160,1
548,80,5,0.81090665,phago_only_PhagoOnly_R1.mm,PhagoOnly_R1,5278,1
549,81,0,0.994379,phago_only_PhagoOnly_R1.mm,PhagoOnly_R1,5291,1
550,82,3,0.8974205,phago_only_PhagoOnly_R1.mm,PhagoOnly_R1,5445,1
551,83,0,0.9746581,phago_only_PhagoOnly_R1.mm,PhagoOnly_R1,5508,1
552,84,6,0.93257034,phago_only_PhagoOnly_R1.mm,PhagoOnly_R1,5590,1
553,85,0,0.991963,phago_only_PhagoOnly_R1.mm,PhagoOnly_R1,5737,1
554,86,5,0.9562363,phago_only_PhagoOnly_R1.mm,PhagoOnly_R1,5786,1
555,87,4,0.9383827,phago_only_PhagoOnly_R1.mm,PhagoOnly_R1,5805,1
556,88,4,0.4528019,phago_only_PhagoOnly_R1.mm,PhagoOnly_R1,5824,1
557,89,0,0.99926573,phago_only_PhagoOnly_R1.mm,PhagoOnly_R1,5855,1
558,90,4,0.95339435,phago_only_PhagoOnly_R1.mm,PhagoOnly_R1,5994,1
559,91,4,0.92840457,phago_only_PhagoOnly_R1.mm,PhagoOnly_R1,6037,1
560,92,4,0.948249,phago_only_PhagoOnly_R1.mm,PhagoOnly_R1,6066,1
561,93,0,0.9710254,phago_only_PhagoOnly_R1.mm,PhagoOnly_R1,6188,1
562,94,0,0.95638067,phago_only_PhagoOnly_R1.mm,PhagoOnly_R1,6193,1
563,95,0,0.64842707,phago_only_PhagoOnly_R1.mm,PhagoOnly_R1,6239,1
564,96,6,0.9168074,phago_only_PhagoOnly_R1.mm,PhagoOnly_R1,6303,1
565,97,0,0.99954456,phago_only_PhagoOnly_R1.mm,PhagoOnly_R1,6334,1
566,98,0,0.98665804,phago_only_PhagoOnly_R1.mm,PhagoOnly_R1,6339,1
567,99,0,0.99151963,phago_only_PhagoOnly_R1.mm,PhagoOnly_R1,6395,1
568,100,0,0.9239615,phago_only_PhagoOnly_R1.mm,PhagoOnly_R1,6431,1
569,101,0,0.97304505,phago_only_PhagoOnly_R1.mm,PhagoOnly_R1,6469,1
570,102,0,0.95687705,phago_only_PhagoOnly_R1.mm,PhagoOnly_R1,6614,1
571,103,0,0.99480337,phago_only_PhagoOnly_R1.mm,PhagoOnly_R1,6642,1
572,104,0,0.993232,phago_only_PhagoOnly_R1.mm,PhagoOnly_R1,6962,1
573,105,4,0.592791,phago_only_PhagoOnly_R1.mm,PhagoOnly_R1,6979,1
574,106,0,0.94966066,phago_only_PhagoOnly_R1.mm,PhagoOnly_R1,7181,1
575,107,4,0.9611301,phago_only_PhagoOnly_R1.mm,PhagoOnly_R1,7207,1
576,108,4,0.59552556,phago_only_PhagoOnly_R1.mm,PhagoOnly_R1,7401,1
577,109,4,0.8890188,phago_only_PhagoOnly_R1.mm,PhagoOnly_R1,7409,1
578,110,0,0.9901634,phago_only_PhagoOnly_R1.mm,PhagoOnly_R1,7477,1
579,111,4,0.70009345,phago_only_PhagoOnly_R1.mm,PhagoOnly_R1,7514,1
580,112,0,0.999582,phago_only_PhagoOnly_R1.mm,PhagoOnly_R1,7628,1
581,113,5,0.4889175,phago_only_PhagoOnly_R1.mm,PhagoOnly_R1,7656,1
582,114,0,0.9981236,phago_only_PhagoOnly_R1.mm,PhagoOnly_R1,7676,1
583,115,6,0.56863594,phago_only_PhagoOnly_R1.mm,PhagoOnly_R1,7982,1
584,116,0,0.9986634,phago_only_PhagoOnly_R1.mm,PhagoOnly_R1,8096,1
585,117,0,0.9962708,phago_only_PhagoOnly_R1.mm,PhagoOnly_R1,8163,1
586,118,4,0.45986763,phago_only_PhagoOnly_R1.mm,PhagoOnly_R1,8169,1
587,119,0,0.9892007,phago_only_PhagoOnly_R1.mm,PhagoOnly_R1,8239,1
588,120,0,0.9197537,phago_only_PhagoOnly_R1.mm,PhagoOnly_R1,8241,1
589,121,4,0.9947949,phago_only_PhagoOnly_R1.mm,PhagoOnly_R1,8249,1
590,122,0,0.9540188,phago_only_PhagoOnly_R1.mm,PhagoOnly_R1,8252,1
591,123,0,0.82559556,phago_only_PhagoOnly_R1.mm,PhagoOnly_R1,8254,1
592,124,4,0.97151756,phago_only_PhagoOnly_R1.mm,PhagoOnly_R1,8291,1
593,125,0,0.6857749,phago_only_PhagoOnly_R1.mm,PhagoOnly_R1,8435,1
594,126,0,0.858212,phago_only_PhagoOnly_R1.mm,PhagoOnly_R1,8460,1
595,127,5,0.5232495,phago_only_PhagoOnly_R1.mm,PhagoOnly_R1,8550,1
596,128,5,0.5629767,phago_only_PhagoOnly_R1.mm,PhagoOnly_R1,8551,1
597,129,0,0.9959943,phago_only_PhagoOnly_R1.mm,PhagoOnly_R1,8702,1
598,130,0,0.8975807,phago_only_PhagoOnly_R1.mm,PhagoOnly_R1,8708,1
599,131,0,0.9998311,phago_only_PhagoOnly_R1.mm,PhagoOnly_R1,8809,1
600,132,0,0.94765973,phago_only_PhagoOnly_R1.mm,PhagoOnly_R1,8922,1
601,133,0,0.999946,phago_only_PhagoOnly_R1.mm,PhagoOnly_R1,8972,1
602,134,0,0.85749125,phago_only_PhagoOnly_R1.mm,PhagoOnly_R1,9194,1
603,135,4,0.74808156,phago_only_PhagoOnly_R1.mm,PhagoOnly_R1,9309,1
604,136,0,0.92549664,phago_only_PhagoOnly_R1.mm,PhagoOnly_R1,9347,1
605,137,0,0.82722473,phago_only_PhagoOnly_R1.mm,PhagoOnly_R1,9669,1
606,138,0,0.9989309,phago_only_PhagoOnly_R1.mm,PhagoOnly_R1,9693,1
607,139,4,0.62402326,phago_only_PhagoOnly_R1.mm,PhagoOnly_R1,9744,1
608,140,0,0.99657935,phago_only_PhagoOnly_R1.mm,PhagoOnly_R1,9788,1
